Workbook

Sheet Клиенты
A1: Код клиента | B1: Фамилия | C1: Имя | D1: Отчество | E1: Место жительства
A2: 1 | B2: Суханов | C2: Август | D2: Феликсович | E2: г. Крымск
A3: 2 | B3: Кудряшова | C3: Ульяна | D3: Семеновна | E3: г. Саяногорск
A4: 3 | B4: Блинов | C4: Константин | D4: Фадеевич | E4: г. Бобров
A5: 4 | B5: Васильев | C5: Силантий | D5: Гаврилович | E5: г. Грайворон
A6: 5 | B6: Комиссарова | C6: Майя | D6: Тимуровна | E6: г. Благодарный
A7: 6 | B7: Рябов | C7: Агафон | D7: Чеславович | E7: г. Калининград
A8: 7 | B8: Меркушева | C8: Алевтина | D8: Леонидовна | E8: г. Сергач
A9: 8 | B9: Уварова | C9: Лукия | D9: Вадимовна | E9: г. Приморск
A10: 9 | B10: Петухов | C10: Якуб | D10: Афанасьевич | E10: г. Шелехов
A11: 10 | B11: Макаров | C11: Милий | D11: Феодосьевич | E11: г. Москва
A12: 11 | B12: Горбачев | C12: Нифонт | D12: Теймуразович | E12: г. Мезень
A13: 12 | B13: Хохлов | C13: Галактион | D13: Всеволодович | E13: г. Орёл
... A1995: 1994 | B1995: Родионов | C1995: Потап | D1995: Ануфриевич | E1995: г. Снежногорск

Sheet Заказы
A1: Код заказа | B1: Дата | C1: Код клиента | D1: Цена доставки | E1: Статус доставки
A2: 51871 | B2: 43997 | C2: 213 | D2: 0 | E2: Не выполнено
A3: 51230 | B3: 44039 | C3: 1508 | D3: 841 | E3: Выполнено
A4: 50904 | B4: 44015 | C4: 1220 | D4: 0 | E4: Не выполнено
A5: 51321 | B5: 43982 | C5: 776 | D5: 736 | E5: Выполнено
A6: 51047 | B6: 44041 | C6: 1409 | D6: 796 | E6: Выполнено
A7: 51715 | B7: 44032 | C7: 756 | D7: 0 | E7: Не выполнено
A8: 50584 | B8: 43996 | C8: 1158 | D8: 105 | E8: Выполнено
A9: 50901 | B9: 44014 | C9: 626 | D9: 0 | E9: Не выполнено
A10: 51115 | B10: 43999 | C10: 706 | D10: 199 | E10: Выполнено
A11: 50963 | B11: 44001 | C11: 1922 | D11: 749 | E11: Выполнено
A12: 50096 | B12: 44058 | C12: 1016 | D12: 0 | E12: Не выполнено
A13: 50203 | B13: 44052 | C13: 1887 | D13: 0 | E13: Не выполнено
... A1995: 51856 | B1995: 44011 | C1995: 1562 | D1995: 872 | E1995: Выполнено

Sheet Состав заказов
A1: Код | B1: Код заказа | C1: Код блюда | D1: Количество | E1: Название блюда | F1: Цена | G1: Дата заказа | H1: Код клиента | I1: Место жительства | J1: Цена доставки | K1: Статус доставки | L1: Стоимость с доставкой | M1: К учёту
A2: 100232 | B2: 51952 | C2: 23 | D2: 8 | E2: =VLOOKUP(C2,Меню!$A$2:$C$24,2,FALSE()) -> Пицца с тунцом | F2: =VLOOKUP(C2,Меню!$A$2:$C$24,3,FALSE()) -> 520 | G2: =VLOOKUP(B2,Заказы!$A$2:$E$2995,2,FALSE()) -> 44057 | H2: =VLOOKUP(B2,Заказы!$A$2:$E$2995,3,FALSE()) -> 973 | I2: =VLOOKUP(H2,Клиенты!$A$2:$E$1995,5,FALSE()) -> г. Нальчик | J2: =VLOOKUP(B2,Заказы!$A$2:$E$2995,4,FALSE()) -> 630 | K2: =VLOOKUP(B2,Заказы!$A$2:$E$2995,5,FALSE()) -> Выполнено | L2: =D2*F2+J2 -> 4790 | M2: =IF(AND(E2="Пицца Труслейка",I2="г. Москва",K2="Выполнено",G2>=DATE(2020,7,1),G2<DATE(2020,8,1)),L2,0) -> 0
A3: 101855 | B3: 51303 | C3: 16 | D3: 1 | E3: =VLOOKUP(C3,Меню!$A$2:$C$24,2,FALSE()) -> Пицца Флорида | F3: =VLOOKUP(C3,Меню!$A$2:$C$24,3,FALSE()) -> 535 | G3: =VLOOKUP(B3,Заказы!$A$2:$E$2995,2,FALSE()) -> 43995 | H3: =VLOOKUP(B3,Заказы!$A$2:$E$2995,3,FALSE()) -> 781 | I3: =VLOOKUP(H3,Клиенты!$A$2:$E$1995,5,FALSE()) -> г. Москва | J3: =VLOOKUP(B3,Заказы!$A$2:$E$2995,4,FALSE()) -> 818 | K3: =VLOOKUP(B3,Заказы!$A$2:$E$2995,5,FALSE()) -> Выполнено | L3: =D3*F3+J3 -> 1353 | M3: =IF(AND(E3="Пицца Труслейка",I3="г. Москва",K3="Выполнено",G3>=DATE(2020,7,1),G3<DATE(2020,8,1)),L3,0) -> 0
A4: 101359 | B4: 51855 | C4: 12 | D4: 4 | E4: =VLOOKUP(C4,Меню!$A$2:$C$24,2,FALSE()) -> Пицца Салями с трюфелем | F4: =VLOOKUP(C4,Меню!$A$2:$C$24,3,FALSE()) -> 525 | G4: =VLOOKUP(B4,Заказы!$A$2:$E$2995,2,FALSE()) -> 44025 | H4: =VLOOKUP(B4,Заказы!$A$2:$E$2995,3,FALSE()) -> 905 | I4: =VLOOKUP(H4,Клиенты!$A$2:$E$1995,5,FALSE()) -> г. Георгиевск | J4: =VLOOKUP(B4,Заказы!$A$2:$E$2995,4,FALSE()) -> 273 | K4: =VLOOKUP(B4,Заказы!$A$2:$E$2995,5,FALSE()) -> Выполнено | L4: =D4*F4+J4 -> 2373 | M4: =IF(AND(E4="Пицца Труслейка",I4="г. Москва",K4="Выполнено",G4>=DATE(2020,7,1),G4<DATE(2020,8,1)),L4,0) -> 0
A5: 100958 | B5: 51584 | C5: 21 | D5: 10 | E5: =VLOOKUP(C5,Меню!$A$2:$C$24,2,FALSE()) -> Пицца с креветками и цукини | F5: =VLOOKUP(C5,Меню!$A$2:$C$24,3,FALSE()) -> 600 | G5: =VLOOKUP(B5,Заказы!$A$2:$E$2995,2,FALSE()) -> 43989 | H5: =VLOOKUP(B5,Заказы!$A$2:$E$2995,3,FALSE()) -> 1664 | I5: =VLOOKUP(H5,Клиенты!$A$2:$E$1995,5,FALSE()) -> г. Владимир | J5: =VLOOKUP(B5,Заказы!$A$2:$E$2995,4,FALSE()) -> 0 | K5: =VLOOKUP(B5,Заказы!$A$2:$E$2995,5,FALSE()) -> Не выполнено | L5: =D5*F5+J5 -> 6000 | M5: =IF(AND(E5="Пицца Труслейка",I5="г. Москва",K5="Выполнено",G5>=DATE(2020,7,1),G5<DATE(2020,8,1)),L5,0) -> 0
A6: 100643 | B6: 50802 | C6: 7 | D6: 10 | E6: =VLOOKUP(C6,Меню!$A$2:$C$24,2,FALSE()) -> Пицца Карбонара | F6: =VLOOKUP(C6,Меню!$A$2:$C$24,3,FALSE()) -> 625 | G6: =VLOOKUP(B6,Заказы!$A$2:$E$2995,2,FALSE()) -> 44028 | H6: =VLOOKUP(B6,Заказы!$A$2:$E$2995,3,FALSE()) -> 1293 | I6: =VLOOKUP(H6,Клиенты!$A$2:$E$1995,5,FALSE()) -> г. Йошкар-Ола | J6: =VLOOKUP(B6,Заказы!$A$2:$E$2995,4,FALSE()) -> 0 | K6: =VLOOKUP(B6,Заказы!$A$2:$E$2995,5,FALSE()) -> Не выполнено | L6: =D6*F6+J6 -> 6250 | M6: =IF(AND(E6="Пицца Труслейка",I6="г. Москва",K6="Выполнено",G6>=DATE(2020,7,1),G6<DATE(2020,8,1)),L6,0) -> 0
A7: 101000 | B7: 51959 | C7: 18 | D7: 3 | E7: =VLOOKUP(C7,Меню!$A$2:$C$24,2,FALSE()) -> Пицца Царская | F7: =VLOOKUP(C7,Меню!$A$2:$C$24,3,FALSE()) -> 620 | G7: =VLOOKUP(B7,Заказы!$A$2:$E$2995,2,FALSE()) -> 44000 | H7: =VLOOKUP(B7,Заказы!$A$2:$E$2995,3,FALSE()) -> 949 | I7: =VLOOKUP(H7,Клиенты!$A$2:$E$1995,5,FALSE()) -> г. Полярный | J7: =VLOOKUP(B7,Заказы!$A$2:$E$2995,4,FALSE()) -> 286 | K7: =VLOOKUP(B7,Заказы!$A$2:$E$2995,5,FALSE()) -> Выполнено | L7: =D7*F7+J7 -> 2146 | M7: =IF(AND(E7="Пицца Труслейка",I7="г. Москва",K7="Выполнено",G7>=DATE(2020,7,1),G7<DATE(2020,8,1)),L7,0) -> 0
A8: 101785 | B8: 50363 | C8: 16 | D8: 8 | E8: =VLOOKUP(C8,Меню!$A$2:$C$24,2,FALSE()) -> Пицца Флорида | F8: =VLOOKUP(C8,Меню!$A$2:$C$24,3,FALSE()) -> 535 | G8: =VLOOKUP(B8,Заказы!$A$2:$E$2995,2,FALSE()) -> 43991 | H8: =VLOOKUP(B8,Заказы!$A$2:$E$2995,3,FALSE()) -> 1466 | I8: =VLOOKUP(H8,Клиенты!$A$2:$E$1995,5,FALSE()) -> г. Чёрмоз | J8: =VLOOKUP(B8,Заказы!$A$2:$E$2995,4,FALSE()) -> 306 | K8: =VLOOKUP(B8,Заказы!$A$2:$E$2995,5,FALSE()) -> Выполнено | L8: =D8*F8+J8 -> 4586 | M8: =IF(AND(E8="Пицца Труслейка",I8="г. Москва",K8="Выполнено",G8>=DATE(2020,7,1),G8<DATE(2020,8,1)),L8,0) -> 0
A9: 100185 | B9: 51490 | C9: 23 | D9: 2 | E9: =VLOOKUP(C9,Меню!$A$2:$C$24,2,FALSE()) -> Пицца с тунцом | F9: =VLOOKUP(C9,Меню!$A$2:$C$24,3,FALSE()) -> 520 | G9: =VLOOKUP(B9,Заказы!$A$2:$E$2995,2,FALSE()) -> 44048 | H9: =VLOOKUP(B9,Заказы!$A$2:$E$2995,3,FALSE()) -> 783 | I9: =VLOOKUP(H9,Клиенты!$A$2:$E$1995,5,FALSE()) -> г. Красноармейск | J9: =VLOOKUP(B9,Заказы!$A$2:$E$2995,4,FALSE()) -> 0 | K9: =VLOOKUP(B9,Заказы!$A$2:$E$2995,5,FALSE()) -> Не выполнено | L9: =D9*F9+J9 -> 1040 | M9: =IF(AND(E9="Пицца Труслейка",I9="г. Москва",K9="Выполнено",G9>=DATE(2020,7,1),G9<DATE(2020,8,1)),L9,0) -> 0
A10: 101328 | B10: 50717 | C10: 6 | D10: 8 | E10: =VLOOKUP(C10,Меню!$A$2:$C$24,2,FALSE()) -> Пицца Капричиоза | F10: =VLOOKUP(C10,Меню!$A$2:$C$24,3,FALSE()) -> 570 | G10: =VLOOKUP(B10,Заказы!$A$2:$E$2995,2,FALSE()) -> 44014 | H10: =VLOOKUP(B10,Заказы!$A$2:$E$2995,3,FALSE()) -> 719 | I10: =VLOOKUP(H10,Клиенты!$A$2:$E$1995,5,FALSE()) -> г. Томмот | J10: =VLOOKUP(B10,Заказы!$A$2:$E$2995,4,FALSE()) -> 485 | K10: =VLOOKUP(B10,Заказы!$A$2:$E$2995,5,FALSE()) -> Выполнено | L10: =D10*F10+J10 -> 5045 | M10: =IF(AND(E10="Пицца Труслейка",I10="г. Москва",K10="Выполнено",G10>=DATE(2020,7,1),G10<DATE(2020,8,1)),L10,0) -> 0
A11: 101131 | B11: 51681 | C11: 4 | D11: 4 | E11: =VLOOKUP(C11,Меню!$A$2:$C$24,2,FALSE()) -> Пицца Труслейка | F11: =VLOOKUP(C11,Меню!$A$2:$C$24,3,FALSE()) -> 610 | G11: =VLOOKUP(B11,Заказы!$A$2:$E$2995,2,FALSE()) -> 44028 | H11: =VLOOKUP(B11,Заказы!$A$2:$E$2995,3,FALSE()) -> 1349 | I11: =VLOOKUP(H11,Клиенты!$A$2:$E$1995,5,FALSE()) -> г. Москва | J11: =VLOOKUP(B11,Заказы!$A$2:$E$2995,4,FALSE()) -> 0 | K11: =VLOOKUP(B11,Заказы!$A$2:$E$2995,5,FALSE()) -> Не выполнено | L11: =D11*F11+J11 -> 2440 | M11: =IF(AND(E11="Пицца Труслейка",I11="г. Москва",K11="Выполнено",G11>=DATE(2020,7,1),G11<DATE(2020,8,1)),L11,0) -> 0
A12: 101577 | B12: 50053 | C12: 3 | D12: 1 | E12: =VLOOKUP(C12,Меню!$A$2:$C$24,2,FALSE()) -> Пицца Диабло | F12: =VLOOKUP(C12,Меню!$A$2:$C$24,3,FALSE()) -> 590 | G12: =VLOOKUP(B12,Заказы!$A$2:$E$2995,2,FALSE()) -> 44031 | H12: =VLOOKUP(B12,Заказы!$A$2:$E$2995,3,FALSE()) -> 1797 | I12: =VLOOKUP(H12,Клиенты!$A$2:$E$1995,5,FALSE()) -> г. Северо-Курильск | J12: =VLOOKUP(B12,Заказы!$A$2:$E$2995,4,FALSE()) -> 143 | K12: =VLOOKUP(B12,Заказы!$A$2:$E$2995,5,FALSE()) -> Выполнено | L12: =D12*F12+J12 -> 733 | M12: =IF(AND(E12="Пицца Труслейка",I12="г. Москва",K12="Выполнено",G12>=DATE(2020,7,1),G12<DATE(2020,8,1)),L12,0) -> 0
A13: 101743 | B13: 51525 | C13: 21 | D13: 3 | E13: =VLOOKUP(C13,Меню!$A$2:$C$24,2,FALSE()) -> Пицца с креветками и цукини | F13: =VLOOKUP(C13,Меню!$A$2:$C$24,3,FALSE()) -> 600 | G13: =VLOOKUP(B13,Заказы!$A$2:$E$2995,2,FALSE()) -> 44062 | H13: =VLOOKUP(B13,Заказы!$A$2:$E$2995,3,FALSE()) -> 26 | I13: =VLOOKUP(H13,Клиенты!$A$2:$E$1995,5,FALSE()) -> г. Киреевск | J13: =VLOOKUP(B13,Заказы!$A$2:$E$2995,4,FALSE()) -> 596 | K13: =VLOOKUP(B13,Заказы!$A$2:$E$2995,5,FALSE()) -> Выполнено | L13: =D13*F13+J13 -> 2396 | M13: =IF(AND(E13="Пицца Труслейка",I13="г. Москва",K13="Выполнено",G13>=DATE(2020,7,1),G13<DATE(2020,8,1)),L13,0) -> 0
... A1995: 100827 | B1995: 51928 | C1995: 11 | D1995: 7 | E1995: =VLOOKUP(C1995,Меню!$A$2:$C$24,2,FALSE()) -> Пицца Песто | F1995: =VLOOKUP(C1995,Меню!$A$2:$C$24,3,FALSE()) -> 530 | G1995: =VLOOKUP(B1995,Заказы!$A$2:$E$2995,2,FALSE()) -> 44012 | H1995: =VLOOKUP(B1995,Заказы!$A$2:$E$2995,3,FALSE()) -> 1716 | I1995: =VLOOKUP(H1995,Клиенты!$A$2:$E$1995,5,FALSE()) -> г. Салехард | J1995: =VLOOKUP(B1995,Заказы!$A$2:$E$2995,4,FALSE()) -> 0 | K1995: =VLOOKUP(B1995,Заказы!$A$2:$E$2995,5,FALSE()) -> Не выполнено | L1995: =D1995*F1995+J1995 -> 3710 | M1995: =IF(AND(E1995="Пицца Труслейка",I1995="г. Москва",K1995="Выполнено",G1995>=DATE(2020,7,1),G1995<DATE(2020,8,1)),L1995,0) -> 0
L1996: Итого | M1996: =SUM(M2:M1995) -> 32513

Sheet Меню
A1: Код блюда | B1: Название | C1: Цена
A2: 1 | B2: Пицца Гавайская | C2: 545
A3: 2 | B3: Пицца Двойная пепперони | C3: 575
A4: 3 | B4: Пицца Диабло | C4: 590
A5: 4 | B5: Пицца Труслейка | C5: 610
A6: 5 | B6: Пицца Жюльен | C6: 580
A7: 6 | B7: Пицца Капричиоза | C7: 570
A8: 7 | B8: Пицца Карбонара | C8: 625
A9: 8 | B9: Пицца Мясная | C9: 615
A10: 9 | B10: Пицца Острая с беконом | C10: 540
A11: 10 | B11: Пицца Пепперони фреш | C11: 565
A12: 11 | B12: Пицца Песто | C12: 530
A13: 12 | B13: Пицца Салями с трюфелем | C13: 525
... A24: 23 | B24: Пицца с тунцом | C24: 520
