Workbook

Sheet Аренда
A1: ID операции | B1: Дата аренды | C1: ID автомобиля | D1: ID клиента | E1: Сумма аренды, руб. | F1: Претензии
A2: 1 | B2: 43831 | C2: A54 | D2: 14 | E2: 142 | F2: нет | H2: =VLOOKUP(C2,Автомобили!$A$2:$G$1000,3,0) | I2: =VLOOKUP(D2,Клиенты!$A$2:$D$1000,2,0) | J2: =IF(AND(H2="Kaptur",I2="Окраинов Л.Г.",YEAR(B2)=2020),E2,0) | L2: =SUM(J2:J1465)
A3: 2 | B3: 43831 | C3: A23 | D3: 5 | E3: 259 | F3: нет | H3: =VLOOKUP(C3,Автомобили!$A$2:$G$1000,3,0) | I3: =VLOOKUP(D3,Клиенты!$A$2:$D$1000,2,0) | J3: =IF(AND(H3="Kaptur",I3="Окраинов Л.Г.",YEAR(B3)=2020),E3,0)
A4: 3 | B4: 43831 | C4: A43 | D4: 7 | E4: 188 | F4: нет | H4: =VLOOKUP(C4,Автомобили!$A$2:$G$1000,3,0) | I4: =VLOOKUP(D4,Клиенты!$A$2:$D$1000,2,0) | J4: =IF(AND(H4="Kaptur",I4="Окраинов Л.Г.",YEAR(B4)=2020),E4,0)
A5: 4 | B5: 43831 | C5: A42 | D5: 6 | E5: 390 | F5: нет | H5: =VLOOKUP(C5,Автомобили!$A$2:$G$1000,3,0) | I5: =VLOOKUP(D5,Клиенты!$A$2:$D$1000,2,0) | J5: =IF(AND(H5="Kaptur",I5="Окраинов Л.Г.",YEAR(B5)=2020),E5,0)
A6: 5 | B6: 43832 | C6: A36 | D6: 6 | E6: 307 | F6: нет | H6: =VLOOKUP(C6,Автомобили!$A$2:$G$1000,3,0) | I6: =VLOOKUP(D6,Клиенты!$A$2:$D$1000,2,0) | J6: =IF(AND(H6="Kaptur",I6="Окраинов Л.Г.",YEAR(B6)=2020),E6,0)
A7: 6 | B7: 43832 | C7: A44 | D7: 4 | E7: 96 | F7: нет | H7: =VLOOKUP(C7,Автомобили!$A$2:$G$1000,3,0) | I7: =VLOOKUP(D7,Клиенты!$A$2:$D$1000,2,0) | J7: =IF(AND(H7="Kaptur",I7="Окраинов Л.Г.",YEAR(B7)=2020),E7,0)
A8: 7 | B8: 43832 | C8: A48 | D8: 3 | E8: 189 | F8: нет | H8: =VLOOKUP(C8,Автомобили!$A$2:$G$1000,3,0) | I8: =VLOOKUP(D8,Клиенты!$A$2:$D$1000,2,0) | J8: =IF(AND(H8="Kaptur",I8="Окраинов Л.Г.",YEAR(B8)=2020),E8,0)
A9: 8 | B9: 43832 | C9: A35 | D9: 15 | E9: 242 | F9: нет | H9: =VLOOKUP(C9,Автомобили!$A$2:$G$1000,3,0) | I9: =VLOOKUP(D9,Клиенты!$A$2:$D$1000,2,0) | J9: =IF(AND(H9="Kaptur",I9="Окраинов Л.Г.",YEAR(B9)=2020),E9,0)
A10: 9 | B10: 43833 | C10: A62 | D10: 9 | E10: 210 | F10: нет | H10: =VLOOKUP(C10,Автомобили!$A$2:$G$1000,3,0) | I10: =VLOOKUP(D10,Клиенты!$A$2:$D$1000,2,0) | J10: =IF(AND(H10="Kaptur",I10="Окраинов Л.Г.",YEAR(B10)=2020),E10,0)
A11: 10 | B11: 43833 | C11: A50 | D11: 7 | E11: 107 | F11: нет | H11: =VLOOKUP(C11,Автомобили!$A$2:$G$1000,3,0) | I11: =VLOOKUP(D11,Клиенты!$A$2:$D$1000,2,0) | J11: =IF(AND(H11="Kaptur",I11="Окраинов Л.Г.",YEAR(B11)=2020),E11,0)
A12: 11 | B12: 43833 | C12: A48 | D12: 3 | E12: 375 | F12: нет | H12: =VLOOKUP(C12,Автомобили!$A$2:$G$1000,3,0) | I12: =VLOOKUP(D12,Клиенты!$A$2:$D$1000,2,0) | J12: =IF(AND(H12="Kaptur",I12="Окраинов Л.Г.",YEAR(B12)=2020),E12,0)
A13: 12 | B13: 43833 | C13: A45 | D13: 11 | E13: 210 | F13: нет | H13: =VLOOKUP(C13,Автомобили!$A$2:$G$1000,3,0) | I13: =VLOOKUP(D13,Клиенты!$A$2:$D$1000,2,0) | J13: =IF(AND(H13="Kaptur",I13="Окраинов Л.Г.",YEAR(B13)=2020),E13,0)
A14: 13 | B14: 43834 | C14: A37 | D14: 6 | E14: 258 | F14: нет | H14: =VLOOKUP(C14,Автомобили!$A$2:$G$1000,3,0) | I14: =VLOOKUP(D14,Клиенты!$A$2:$D$1000,2,0) | J14: =IF(AND(H14="Kaptur",I14="Окраинов Л.Г.",YEAR(B14)=2020),E14,0)
... A1465: 1464 | B1465: 44196 | C1465: A22 | D1465: 4 | E1465: 190 | F1465: нет | H1465: =VLOOKUP(C1465,Автомобили!$A$2:$G$1000,3,0) | I1465: =VLOOKUP(D1465,Клиенты!$A$2:$D$1000,2,0) | J1465: =IF(AND(H1465="Kaptur",I1465="Окраинов Л.Г.",YEAR(B1465)=2020),E1465,0)

Sheet Автомобили
A1: ID автомобиля | B1: Марка | C1: Модель | D1: Номер | E1: Год выпуска | F1: Дата последнего техосмотра | G1: Тип двигателя
A2: A1 | B2: KIA | C2: RIO SEDAN | D2: К731ДВ|50 | E2: 2019 | F2: 43552 | G2: бензиновый
A3: A2 | B3: KIA | C3: RIO SEDAN | D3: К912РА|50 | E3: 2019 | F3: 43502 | G3: бензиновый
A4: A3 | B4: KIA | C4: RIO SEDAN | D4: К493СВ|50 | E4: 2019 | F4: 43751 | G4: бензиновый
A5: A4 | B5: KIA | C5: RIO SEDAN | D5: К156ХЛ|50 | E5: 2019 | F5: 43816 | G5: бензиновый
A6: A5 | B6: KIA | C6: RIO SEDAN | D6: К398ВА|50 | E6: 2019 | F6: 43689 | G6: бензиновый
A7: A6 | B7: KIA | C7: RIO HATCHBACK | D7: К707ВВ|50 | E7: 2018 | F7: 43743 | G7: бензиновый
A8: A7 | B8: KIA | C8: RIO HATCHBACK | D8: К478ОИ|50 | E8: 2019 | F8: 43694 | G8: бензиновый
A9: A8 | B9: KIA | C9: RIO HATCHBACK | D9: К841СУ|50 | E9: 2019 | F9: 43618 | G9: бензиновый
A10: A9 | B10: KIA | C10: RIO HATCHBACK | D10: К123ДЖ|50 | E10: 2019 | F10: 43568 | G10: бензиновый
A11: A10 | B11: KIA | C11: RIO HATCHBACK | D11: К826СЯ|50 | E11: 2018 | F11: 43818 | G11: бензиновый
A12: A11 | B12: KIA | C12: RIO HATCHBACK | D12: К596ЭК|50 | E12: 2019 | F12: 43776 | G12: бензиновый
A13: A12 | B13: KIA | C13: RIO HATCHBACK | D13: К903ПВ|50 | E13: 2019 | F13: 43647 | G13: бензиновый
... A66: A65 | B66: Audi | C66: A3 | D66: К455РВ|50 | E66: 2019 | F66: 43640 | G66: бензиновый

Sheet Клиенты
A1: ID клиента | B1: ФИО | C1: Адрес прописки | D1: Нарушения
A2: 1 | B2: Лесов А.П. | C2: г.Левобережный, ул Орлова, 4, кв. 7 | D2: нет
A3: 2 | B3: Зайцев В.С. | C3: г.Левобережный, ул Центральная, 47, кв. 15 | D3: нет
A4: 3 | B4: Орлов М.К. | C4: г.Левобережный, ул Журавлева, 20, кв. 70 | D4: нет
A5: 4 | B5: Волков Д.И. | C5: г.Левобережный, ул Хохлова, 12, кв. 22 | D5: нет
A6: 5 | B6: Охотников Д.М. | C6: г.Левобережный, ул Девизионная, 5, кв. 3 | D6: нет
A7: 6 | B7: Окраинов Л.Г. | C7: г.Левобережный, ул Строителей, 40, кв. 2 | D7: нет
A8: 7 | B8: Стеблов П.К. | C8: г.Левобережный, ул Больничная, 33, кв. 4 | D8: нет
A9: 8 | B9: Гудков Н.Г. | C9: г.Левобережный, ул Фабричная, 17, кв. 24 | D9: нет
A10: 9 | B10: Хомяков Л.Д. | C10: г.Левобережный, ул Московская, 44, кв. 19 | D10: да
A11: 10 | B11: Салаватов Ф.Я. | C11: г.Левобережный, ул Сибирская, 6, кв. 7 | D11: нет
A12: 11 | B12: Сушкин Л.Н. | C12: г.Левобережный, ул Электротехническая, 8, кв. 27 | D12: нет
A13: 12 | B13: Говоров Б.Т. | C13: г.Левобережный, ул Солнечная, 6, кв. 30 | D13: нет
... A16: 15 | B16: Громов Л.И. | C16: г.Левобережный, ул Народного ополчения, 28, кв. 6 | D16: да
