Workbook

Sheet Движение товаров
A1: ID операции | B1: Дата | C1: ID магазина | D1: Артикул | E1: Количество упаковок, шт. | F1: Тип операции
A2: 1 | B2: 45078 | C2: M1 | D2: 1 | E2: 200 | F2: Поступление | H2: =VLOOKUP(C2,Магазин!$A$2:$C$1000,2,0) | I2: =VLOOKUP(D2,Товар!$A$2:$F$1000,3,0) | J2: =VLOOKUP(D2,Товар!$A$2:$F$1000,5,0) | K2: =IF(AND(H2="Промышленный",LEFT(I2,18)="Порошок стиральный",F2="Продажа",B2=DATE(2023,6,7)),E2*J2/1000,0) | M2: =SUM(K2:K4321)
A3: 2 | B3: 45078 | C3: M1 | D3: 2 | E3: 200 | F3: Поступление | H3: =VLOOKUP(C3,Магазин!$A$2:$C$1000,2,0) | I3: =VLOOKUP(D3,Товар!$A$2:$F$1000,3,0) | J3: =VLOOKUP(D3,Товар!$A$2:$F$1000,5,0) | K3: =IF(AND(H3="Промышленный",LEFT(I3,18)="Порошок стиральный",F3="Продажа",B3=DATE(2023,6,7)),E3*J3/1000,0)
A4: 3 | B4: 45078 | C4: M1 | D4: 3 | E4: 200 | F4: Поступление | H4: =VLOOKUP(C4,Магазин!$A$2:$C$1000,2,0) | I4: =VLOOKUP(D4,Товар!$A$2:$F$1000,3,0) | J4: =VLOOKUP(D4,Товар!$A$2:$F$1000,5,0) | K4: =IF(AND(H4="Промышленный",LEFT(I4,18)="Порошок стиральный",F4="Продажа",B4=DATE(2023,6,7)),E4*J4/1000,0)
A5: 4 | B5: 45078 | C5: M1 | D5: 4 | E5: 200 | F5: Поступление | H5: =VLOOKUP(C5,Магазин!$A$2:$C$1000,2,0) | I5: =VLOOKUP(D5,Товар!$A$2:$F$1000,3,0) | J5: =VLOOKUP(D5,Товар!$A$2:$F$1000,5,0) | K5: =IF(AND(H5="Промышленный",LEFT(I5,18)="Порошок стиральный",F5="Продажа",B5=DATE(2023,6,7)),E5*J5/1000,0)
A6: 5 | B6: 45078 | C6: M1 | D6: 5 | E6: 200 | F6: Поступление | H6: =VLOOKUP(C6,Магазин!$A$2:$C$1000,2,0) | I6: =VLOOKUP(D6,Товар!$A$2:$F$1000,3,0) | J6: =VLOOKUP(D6,Товар!$A$2:$F$1000,5,0) | K6: =IF(AND(H6="Промышленный",LEFT(I6,18)="Порошок стиральный",F6="Продажа",B6=DATE(2023,6,7)),E6*J6/1000,0)
A7: 6 | B7: 45078 | C7: M1 | D7: 6 | E7: 200 | F7: Поступление | H7: =VLOOKUP(C7,Магазин!$A$2:$C$1000,2,0) | I7: =VLOOKUP(D7,Товар!$A$2:$F$1000,3,0) | J7: =VLOOKUP(D7,Товар!$A$2:$F$1000,5,0) | K7: =IF(AND(H7="Промышленный",LEFT(I7,18)="Порошок стиральный",F7="Продажа",B7=DATE(2023,6,7)),E7*J7/1000,0)
A8: 7 | B8: 45078 | C8: M1 | D8: 7 | E8: 200 | F8: Поступление | H8: =VLOOKUP(C8,Магазин!$A$2:$C$1000,2,0) | I8: =VLOOKUP(D8,Товар!$A$2:$F$1000,3,0) | J8: =VLOOKUP(D8,Товар!$A$2:$F$1000,5,0) | K8: =IF(AND(H8="Промышленный",LEFT(I8,18)="Порошок стиральный",F8="Продажа",B8=DATE(2023,6,7)),E8*J8/1000,0)
A9: 8 | B9: 45078 | C9: M1 | D9: 8 | E9: 200 | F9: Поступление | H9: =VLOOKUP(C9,Магазин!$A$2:$C$1000,2,0) | I9: =VLOOKUP(D9,Товар!$A$2:$F$1000,3,0) | J9: =VLOOKUP(D9,Товар!$A$2:$F$1000,5,0) | K9: =IF(AND(H9="Промышленный",LEFT(I9,18)="Порошок стиральный",F9="Продажа",B9=DATE(2023,6,7)),E9*J9/1000,0)
A10: 9 | B10: 45078 | C10: M1 | D10: 9 | E10: 200 | F10: Поступление | H10: =VLOOKUP(C10,Магазин!$A$2:$C$1000,2,0) | I10: =VLOOKUP(D10,Товар!$A$2:$F$1000,3,0) | J10: =VLOOKUP(D10,Товар!$A$2:$F$1000,5,0) | K10: =IF(AND(H10="Промышленный",LEFT(I10,18)="Порошок стиральный",F10="Продажа",B10=DATE(2023,6,7)),E10*J10/1000,0)
A11: 10 | B11: 45078 | C11: M1 | D11: 10 | E11: 200 | F11: Поступление | H11: =VLOOKUP(C11,Магазин!$A$2:$C$1000,2,0) | I11: =VLOOKUP(D11,Товар!$A$2:$F$1000,3,0) | J11: =VLOOKUP(D11,Товар!$A$2:$F$1000,5,0) | K11: =IF(AND(H11="Промышленный",LEFT(I11,18)="Порошок стиральный",F11="Продажа",B11=DATE(2023,6,7)),E11*J11/1000,0)
A12: 11 | B12: 45078 | C12: M1 | D12: 11 | E12: 200 | F12: Поступление | H12: =VLOOKUP(C12,Магазин!$A$2:$C$1000,2,0) | I12: =VLOOKUP(D12,Товар!$A$2:$F$1000,3,0) | J12: =VLOOKUP(D12,Товар!$A$2:$F$1000,5,0) | K12: =IF(AND(H12="Промышленный",LEFT(I12,18)="Порошок стиральный",F12="Продажа",B12=DATE(2023,6,7)),E12*J12/1000,0)
A13: 12 | B13: 45078 | C13: M1 | D13: 12 | E13: 200 | F13: Поступление | H13: =VLOOKUP(C13,Магазин!$A$2:$C$1000,2,0) | I13: =VLOOKUP(D13,Товар!$A$2:$F$1000,3,0) | J13: =VLOOKUP(D13,Товар!$A$2:$F$1000,5,0) | K13: =IF(AND(H13="Промышленный",LEFT(I13,18)="Порошок стиральный",F13="Продажа",B13=DATE(2023,6,7)),E13*J13/1000,0)
A14: 13 | B14: 45078 | C14: M1 | D14: 13 | E14: 200 | F14: Поступление | H14: =VLOOKUP(C14,Магазин!$A$2:$C$1000,2,0) | I14: =VLOOKUP(D14,Товар!$A$2:$F$1000,3,0) | J14: =VLOOKUP(D14,Товар!$A$2:$F$1000,5,0) | K14: =IF(AND(H14="Промышленный",LEFT(I14,18)="Порошок стиральный",F14="Продажа",B14=DATE(2023,6,7)),E14*J14/1000,0)
... A4321: 4320 | B4321: 45092 | C4321: M17 | D4321: 60 | E4321: 147 | F4321: Продажа | H4321: =VLOOKUP(C4321,Магазин!$A$2:$C$1000,2,0) | I4321: =VLOOKUP(D4321,Товар!$A$2:$F$1000,3,0) | J4321: =VLOOKUP(D4321,Товар!$A$2:$F$1000,5,0) | K4321: =IF(AND(H4321="Промышленный",LEFT(I4321,18)="Порошок стиральный",F4321="Продажа",B4321=DATE(2023,6,7)),E4321*J4321/1000,0)

Sheet Товар
A1: Артикул | B1: Отдел | C1: Наименование товара | D1: Ед_изм | E1: Количество в упаковке | F1: Цена за упаковку
A2: 1 | B2: Бытовая химия | C2: Гель для деликатной стирки | D2: мл | E2: 1000 | F2: 190
A3: 2 | B3: Бытовая химия | C3: Гель для удаления засоров | D3: мл | E3: 500 | F3: 130
A4: 3 | B4: Бытовая химия | C4: Гель для чистки и дезинфекции | D4: мл | E4: 750 | F4: 70
A5: 4 | B5: Бытовая химия | C5: Ополаскиватель для белья лаванда | D5: мл | E5: 2000 | F5: 180
A6: 5 | B6: Бытовая химия | C6: Ополаскиватель для белья хвойный | D6: мл | E6: 1000 | F6: 95
A7: 6 | B7: Бытовая химия | C7: Освежитель воздуха | D7: мл | E7: 250 | F7: 220
A8: 7 | B8: Бытовая химия | C8: Отбеливатель | D8: мл | E8: 1000 | F8: 100
A9: 8 | B9: Бытовая химия | C9: Порошок стиральный детский | D9: грамм | E9: 900 | F9: 370
A10: 9 | B10: Бытовая химия | C10: Порошок стиральный для белого | D10: грамм | E10: 3000 | F10: 250
A11: 10 | B11: Бытовая химия | C11: Порошок стиральный для цветного | D11: грамм | E11: 3000 | F11: 270
A12: 11 | B12: Бытовая химия | C12: Пятновыводитель для ковров | D12: мл | E12: 1000 | F12: 280
A13: 12 | B13: Бытовая химия | C13: Пятновыводитель для мебели | D13: мл | E13: 750 | F13: 900
... A61: 60 | B61: Гигиена | C61: Щетка для одежды | D61: шт | E61: 1 | F61: 130

Sheet Магазин
A1: ID магазина | B1: Район | C1: Адрес
A2: M1 | B2: Центральный | C2: просп. Мира, 45
A3: M2 | B3: Промышленный | C3: ул. Металлургов, 12
A4: M3 | B4: Заречный | C4: Колхозная, 11
A5: M4 | B5: Промышленный | C5: Заводская, 22
A6: M5 | B6: Центральный | C6: ул. Гагарина, 17
A7: M6 | B7: Центральный | C7: просп. Мира, 10
A8: M7 | B8: Промышленный | C8: Заводская, 3
A9: M8 | B9: Промышленный | C9: ул. Сталеваров, 14
A10: M9 | B10: Заречный | C10: Прибрежная, 7
A11: M10 | B11: Центральный | C11: пл. Революции, 1
A12: M11 | B12: Заречный | C12: Луговая, 21
... A19: M18 | B19: Центральный | C19: Лермонтова, 9
